Instance_Index,Cluster
0,3
1,3
2,3
3,1
4,1
5,3
6,3
7,3
8,3
9,3
10,3
11,2
12,3
13,3
14,3
15,2
16,0
17,1
18,3
19,3
20,3
21,2
22,1
23,3
24,3
25,0
26,2
27,2
28,3
29,1
30,3
31,1
32,2
33,1
34,2
35,0
36,1
37,3
38,0
39,1
40,1
41,1
42,0
43,0
44,0
45,3
46,3
47,3
48,3
49,3
50,1
51,0
52,3
53,0
54,1
55,3
56,3
57,0
58,2
59,3
60,0
61,3
62,3
63,3
64,1
65,0
66,0
67,3
68,1
69,2
70,1
71,1
72,1
73,1
74,3
75,2
76,1
77,3
78,2
79,1
80,2
81,0
82,3
83,1
84,0
85,3
86,3
87,1
88,2
89,1
90,2
91,1
92,3
93,1
94,0
95,0
96,0
97,2
98,2
99,2
100,3
101,3
102,3
103,1
104,1
105,2
106,0
107,3
108,0
109,0
110,1
111,3
112,1
113,1
114,2
115,2
116,2
117,1
118,1
119,1
120,1
121,2
122,2
123,3
124,1
125,1
126,1
127,3
128,0
129,1
130,1
131,2
132,2
133,2
134,2
135,2
136,3
137,0
138,1
139,1
140,1
141,1
142,2
143,2
144,2
145,3
146,2
147,1
148,2
149,2
150,2
151,2
152,2
153,1
154,2
155,3
156,3
157,1
158,3
159,0
160,3
161,2
162,1
163,3
164,3
165,3
166,3
167,0
168,2
169,2
170,0
171,3
172,0
173,0
174,2
175,0
176,1
177,1
178,1
179,1
180,3
181,3
182,0
183,1
184,0
185,2
186,2
187,0
188,3
189,0
190,2
191,2
192,2
193,0
194,2
195,1
196,1
197,3
198,1
199,2
200,3
201,3
202,1
203,2
204,2
205,3
206,2
207,0
208,3
209,3
210,1
211,3
212,2
213,3
214,3
215,3
216,0
217,1
218,0
219,2
220,2
221,0
222,2
223,1
224,2
225,1
226,3
227,2
228,2
229,1
230,1
231,3
232,2
233,0
234,1
235,0
236,2
237,2
238,2
239,1
240,1
241,1
242,2
243,3
244,3
245,3
246,2
247,2
248,1
249,1
250,2
251,3
252,1
253,3
254,3
255,2
256,2
257,1
258,1
259,1
260,2
261,2
262,2
263,1
264,0
265,3
266,3
267,1
268,3
269,2
270,2
271,2
272,0
273,1
274,2
275,2
276,1
277,2
278,1
279,3
280,2
281,3
282,1
283,1
284,1
285,2
286,2
287,1
288,2
289,2
290,2
291,1
292,1
293,3
294,1
295,0
296,1
297,3
298,3
299,2
300,3
301,3
302,0
303,0
304,0
305,0
306,3
307,1
308,2
309,3
310,1
311,1
312,0
313,2
314,1
315,3
316,2
317,3
318,2
319,3
320,2
321,1
322,2
323,1
324,1
325,1
326,2
327,2
328,1
329,1
330,1
331,3
332,1
333,3
334,1
335,3
336,2
337,1
338,2
339,1
340,0
341,3
342,0
343,0
344,2
345,0
346,3
347,3
348,2
349,3
350,2
351,3
352,2
353,0
354,1
355,2
356,2
357,0
358,1
359,0
360,1
361,2
362,2
363,2
364,2
365,3
366,2
367,2
368,2
369,2
370,1
371,1
372,1
373,3
374,2
375,2
376,3
377,1
378,2
379,0
380,2
381,1
382,3
383,2
384,3
385,2
386,2
387,1
388,2
389,2
390,2
391,2
392,2
393,1
394,2
395,2
396,3
397,2
398,2
399,2
400,2
401,1
402,2
403,0
404,1
405,2
406,1
407,3
408,3
409,1
410,1
411,1
412,0
413,1
414,1
415,3
416,3
417,3
418,0
419,1
420,0
421,3
422,1
423,1
424,3
425,1
426,3
427,1
428,1
429,2
430,3
431,1
432,2
433,2
434,3
435,1
436,1
437,3
438,1
439,0
